date,project,cost
28.10.2012,99,4249
29.10.2012,29,3531
30.10.2012,97,3952
31.10.2012,60,4466
01.11.2012,43,3198
02.11.2012,67,3661
03.11.2012,12,3531
04.11.2012,47,5659
05.11.2012,63,3290
06.11.2012,92,5362
07.11.2012,60,3751
08.11.2012,80,4819
09.11.2012,30,3058
10.11.2012,8,4733
11.11.2012,34,5878
12.11.2012,20,5227
13.11.2012,2,3749
14.11.2012,75,3712
15.11.2012,92,5053
16.11.2012,86,3789
17.11.2012,37,4546
18.11.2012,18,3691
19.11.2012,84,3596
20.11.2012,81,3065
21.11.2012,8,3315
22.11.2012,27,4409
23.11.2012,35,4181
24.11.2012,90,3914
25.11.2012,85,5227
26.11.2012,83,3026
27.11.2012,51,3512
28.11.2012,96,5094
29.11.2012,24,4547
30.11.2012,42,5089
01.12.2012,31,3233
02.12.2012,49,3654
03.12.2012,33,3322
04.12.2012,82,3957
05.12.2012,91,3400
06.12.2012,61,4960
07.12.2012,79,4715
08.12.2012,49,3093
09.12.2012,10,3117
10.12.2012,9,5755
11.12.2012,17,3621
12.12.2012,16,5316
13.12.2012,7,3893
14.12.2012,10,3981
15.12.2012,32,4584
16.12.2012,97,5934
17.12.2012,32,5156
18.12.2012,79,5353
19.12.2012,49,3279
20.12.2012,44,5165
21.12.2012,25,3928
22.12.2012,85,3136
23.12.2012,15,4779
24.12.2012,80,4183
25.12.2012,47,4792
26.12.2012,85,3883
27.12.2012,48,5554
28.12.2012,19,3771
29.12.2012,50,3930
30.12.2012,24,5765
31.12.2012,76,4333
01.01.2013,75,3965
02.01.2013,52,3231
03.01.2013,75,3355
04.01.2013,45,3727
05.01.2013,12,3698
06.01.2013,59,3186
07.01.2013,25,4267
08.01.2013,66,4844
09.01.2013,94,5313
10.01.2013,26,5413
11.01.2013,24,5177
12.01.2013,80,5596
13.01.2013,31,3218
14.01.2013,20,4091
15.01.2013,89,3029
16.01.2013,73,4240
17.01.2013,43,3253
18.01.2013,12,4834
19.01.2013,67,5612
20.01.2013,98,4110
21.01.2013,32,4463
22.01.2013,60,4855
23.01.2013,83,3283
24.01.2013,48,4518
25.01.2013,53,4339
26.01.2013,11,4944
27.01.2013,10,3981
28.01.2013,77,4788
29.01.2013,69,3779
30.01.2013,14,5947
31.01.2013,36,5269
01.02.2013,90,3910
02.02.2013,99,4873
03.02.2013,30,5362
04.02.2013,98,4351
05.02.2013,37,3897
06.02.2013,15,4271
07.02.2013,51,4334
08.02.2013,88,5758
09.02.2013,94,3415
10.02.2013,79,3007
11.02.2013,27,5564
12.02.2013,22,3299
13.02.2013,14,5085
14.02.2013,94,4524
15.02.2013,5,3139
16.02.2013,44,3486
17.02.2013,10,5079
18.02.2013,93,5941
19.02.2013,82,5029
20.02.2013,9,3901
21.02.2013,39,5155
22.02.2013,15,5124
23.02.2013,78,4869
24.02.2013,34,4863
25.02.2013,12,5936
26.02.2013,84,4459
27.02.2013,8,5544
28.02.2013,81,5800
01.03.2013,8,3880
02.03.2013,27,4199
03.03.2013,54,5746
04.03.2013,34,3499
05.03.2013,24,4126
06.03.2013,32,3987
07.03.2013,61,5289
08.03.2013,52,5563
09.03.2013,16,4225
10.03.2013,77,5474
11.03.2013,51,3733
12.03.2013,77,4655
13.03.2013,71,4403
14.03.2013,99,4419
15.03.2013,83,5428
16.03.2013,18,5058
17.03.2013,34,3645
18.03.2013,12,3280
19.03.2013,84,4303
20.03.2013,1,5550
21.03.2013,7,4483
22.03.2013,90,5649
23.03.2013,3,4085
24.03.2013,99,4031
25.03.2013,55,3225
26.03.2013,57,3208
27.03.2013,87,5704
28.03.2013,56,4540
29.03.2013,79,4091
30.03.2013,18,3732
31.03.2013,41,3899
01.04.2013,71,4276
02.04.2013,1,4520
03.04.2013,23,4284
04.04.2013,48,5344
05.04.2013,81,4984
06.04.2013,2,5676
07.04.2013,21,3726
08.04.2013,92,4821
09.04.2013,16,3683
10.04.2013,84,4723
11.04.2013,26,5891
12.04.2013,86,5436
13.04.2013,96,3174
14.04.2013,52,5036
15.04.2013,99,3723
16.04.2013,90,4209
17.04.2013,50,3157
18.04.2013,84,4469
19.04.2013,55,4502
20.04.2013,47,4397
21.04.2013,21,3201
22.04.2013,6,3889
23.04.2013,81,5816
24.04.2013,96,4697
25.04.2013,84,5220
26.04.2013,93,5953
27.04.2013,97,4581
28.04.2013,97,3003
29.04.2013,31,4079
30.04.2013,99,4501
01.05.2013,64,3620
02.05.2013,78,4306
03.05.2013,17,5653
04.05.2013,33,3271
05.05.2013,98,5419
06.05.2013,48,4037
07.05.2013,48,5630
08.05.2013,8,3500
09.05.2013,70,5015
10.05.2013,86,4624
11.05.2013,60,3767
12.05.2013,23,3132
13.05.2013,78,3080
14.05.2013,22,3490
15.05.2013,8,4448
16.05.2013,71,5131
17.05.2013,80,5054
18.05.2013,22,4866
19.05.2013,89,5743
20.05.2013,38,5047
21.05.2013,48,5037
22.05.2013,84,3328
23.05.2013,28,4722
24.05.2013,42,4580
25.05.2013,11,4860
26.05.2013,35,3550
27.05.2013,51,3447
28.05.2013,66,4893
29.05.2013,69,4503
30.05.2013,39,3265
31.05.2013,82,4061
01.06.2013,79,3584
02.06.2013,28,4179
03.06.2013,65,3515
04.06.2013,51,5158
05.06.2013,95,4589
06.06.2013,33,4855
07.06.2013,13,3287
08.06.2013,88,4405
09.06.2013,64,3139
10.06.2013,52,5331
11.06.2013,82,3045
12.06.2013,94,4982
13.06.2013,77,4757
14.06.2013,79,3998
15.06.2013,96,4323
16.06.2013,83,3937
17.06.2013,96,4766
18.06.2013,22,4228
19.06.2013,67,3041
20.06.2013,9,3569
21.06.2013,45,3072
22.06.2013,29,3132
23.06.2013,63,4641
24.06.2013,81,3680
25.06.2013,11,3415
26.06.2013,29,3423
27.06.2013,65,5101
28.06.2013,42,5454
29.06.2013,7,3606
30.06.2013,24,3699
01.07.2013,28,5327
02.07.2013,87,4584
03.07.2013,75,3491
04.07.2013,45,5139
05.07.2013,64,5962
06.07.2013,67,3183
07.07.2013,78,3384
08.07.2013,44,3410
09.07.2013,91,4021
10.07.2013,55,4527
11.07.2013,5,3433
12.07.2013,89,3993
13.07.2013,61,3737
14.07.2013,67,4584
15.07.2013,33,3642
16.07.2013,17,4078
17.07.2013,17,3325
18.07.2013,89,5486
19.07.2013,75,4152
20.07.2013,49,4884
21.07.2013,97,3673
22.07.2013,58,4846
23.07.2013,41,4146
24.07.2013,7,5814
25.07.2013,86,3975
26.07.2013,31,4393
27.07.2013,44,4288
28.07.2013,70,3306
29.07.2013,12,5152
30.07.2013,98,4366
31.07.2013,52,4912
01.08.2013,72,5578
02.08.2013,58,3762
03.08.2013,70,4615
04.08.2013,40,4776
05.08.2013,14,4624
06.08.2013,95,5671
07.08.2013,80,4221
08.08.2013,91,5354
09.08.2013,55,4954
10.08.2013,81,3991
11.08.2013,25,3835
12.08.2013,77,4580
13.08.2013,64,4517
14.08.2013,71,3556
15.08.2013,58,3765
16.08.2013,21,3534
17.08.2013,29,5502
18.08.2013,82,3328
19.08.2013,40,4333
20.08.2013,84,4597
21.08.2013,3,4409
22.08.2013,35,3483
23.08.2013,93,4580
24.08.2013,5,4752
25.08.2013,54,5906
26.08.2013,32,5629
27.08.2013,49,5825
28.08.2013,46,4460
29.08.2013,22,4959
30.08.2013,26,3240
31.08.2013,33,4809
01.09.2013,95,4663
02.09.2013,47,5390
03.09.2013,30,5326
04.09.2013,4,5455
05.09.2013,19,5361
06.09.2013,93,4304
07.09.2013,15,5806
08.09.2013,7,5260
09.09.2013,83,3908
10.09.2013,27,5348
11.09.2013,13,5479
12.09.2013,72,5620
13.09.2013,41,3591
14.09.2013,91,5051
15.09.2013,65,3438
16.09.2013,55,3737
17.09.2013,55,3555
18.09.2013,46,4274
19.09.2013,84,3670
20.09.2013,40,4598
21.09.2013,56,4565
22.09.2013,68,5156
23.09.2013,100,3843
24.09.2013,54,5683
25.09.2013,93,5611
26.09.2013,50,4739
27.09.2013,24,5783
28.09.2013,52,3701
29.09.2013,37,3998
30.09.2013,19,3965
01.10.2013,70,5516
02.10.2013,37,5255
03.10.2013,7,3084
04.10.2013,16,4133
05.10.2013,20,5446
06.10.2013,1,5102
07.10.2013,30,3461
08.10.2013,73,4592
09.10.2013,100,5607
10.10.2013,49,3022
11.10.2013,99,3423
12.10.2013,6,3463
13.10.2013,89,5268
14.10.2013,33,3597
15.10.2013,91,3904
16.10.2013,45,3693
17.10.2013,64,5211
18.10.2013,68,4730
19.10.2013,79,3902
20.10.2013,33,3731
21.10.2013,82,5400
22.10.2013,73,4068
23.10.2013,90,3686
24.10.2013,4,5632
25.10.2013,27,5745
26.10.2013,96,5667
27.10.2013,27,4296
28.10.2013,20,3795
29.10.2013,83,5641
30.10.2013,54,5404
31.10.2013,88,3653
01.11.2013,97,3964
02.11.2013,89,3622
03.11.2013,26,5363
04.11.2013,55,5112
05.11.2013,42,3887
06.11.2013,90,5400
07.11.2013,14,3852
08.11.2013,39,3780
09.11.2013,38,3831
10.11.2013,77,4231
11.11.2013,38,3977
12.11.2013,81,3936
13.11.2013,28,4265
14.11.2013,73,4582
15.11.2013,84,4893
16.11.2013,31,5146
17.11.2013,61,4680
18.11.2013,6,5450
19.11.2013,71,3061
20.11.2013,59,3464
21.11.2013,13,4395
22.11.2013,57,4158
23.11.2013,79,5562
24.11.2013,57,5430
25.11.2013,43,4674
26.11.2013,81,5703
27.11.2013,58,3052
28.11.2013,29,3733
29.11.2013,66,3411
30.11.2013,87,3344
01.12.2013,58,4337
02.12.2013,69,4684
03.12.2013,100,3143
04.12.2013,24,3017
05.12.2013,25,3249
06.12.2013,62,5462
07.12.2013,36,5328
08.12.2013,85,5226
09.12.2013,57,3288
10.12.2013,36,4620
11.12.2013,10,5276
12.12.2013,16,3692
13.12.2013,33,4181
14.12.2013,7,5250
15.12.2013,20,4911
16.12.2013,36,5417
17.12.2013,100,3531
18.12.2013,68,3020
19.12.2013,56,3349
20.12.2013,90,3142
21.12.2013,34,5106
22.12.2013,63,3009
23.12.2013,85,3564
24.12.2013,46,4939
25.12.2013,46,4568
26.12.2013,31,5938
27.12.2013,12,4912
28.12.2013,5,5785
29.12.2013,42,3308
30.12.2013,40,3893
31.12.2013,7,5371
01.01.2014,59,3239
02.01.2014,56,5665
03.01.2014,6,5079
04.01.2014,14,5180
05.01.2014,48,4060
06.01.2014,59,5283
07.01.2014,55,3445
08.01.2014,10,4289
09.01.2014,51,3908
10.01.2014,95,5752
11.01.2014,97,5011
12.01.2014,78,3933
13.01.2014,4,4312
14.01.2014,45,3311
15.01.2014,40,5859
16.01.2014,11,4973
17.01.2014,79,3329
18.01.2014,56,4193
19.01.2014,45,5024
20.01.2014,10,3930
21.01.2014,36,3498
22.01.2014,53,3129
23.01.2014,19,4831
24.01.2014,14,4138
25.01.2014,35,4819
26.01.2014,67,4194
27.01.2014,33,3780
28.01.2014,47,3232
29.01.2014,92,4820
30.01.2014,28,5202
31.01.2014,72,3942
01.02.2014,53,4443
02.02.2014,48,5733
03.02.2014,47,5397
04.02.2014,40,3186
05.02.2014,92,5050
06.02.2014,12,3161
07.02.2014,88,5370
08.02.2014,25,3129
09.02.2014,29,3463
10.02.2014,74,4279
11.02.2014,83,5483
12.02.2014,13,5269
13.02.2014,99,3217
14.02.2014,99,3419
15.02.2014,57,3927
16.02.2014,42,5696
17.02.2014,82,5016
18.02.2014,5,3701
19.02.2014,36,4700
20.02.2014,80,3655
21.02.2014,41,3320
22.02.2014,100,3950
23.02.2014,71,5562
24.02.2014,13,4138
25.02.2014,44,4416
26.02.2014,23,5397
27.02.2014,27,4496
28.02.2014,45,4078
01.03.2014,87,5333
02.03.2014,67,5667
03.03.2014,81,3269
04.03.2014,92,3865
05.03.2014,26,4186
06.03.2014,37,4022
07.03.2014,93,4982
08.03.2014,13,5664
09.03.2014,13,3247
10.03.2014,97,4951
11.03.2014,3,4055
12.03.2014,16,4802
13.03.2014,9,3000
14.03.2014,55,4215
15.03.2014,85,5714
16.03.2014,46,3461
17.03.2014,78,3510
18.03.2014,12,3161
19.03.2014,21,4355
20.03.2014,23,4588
21.03.2014,74,5606
22.03.2014,76,5446
23.03.2014,16,3832
24.03.2014,65,4155
25.03.2014,26,5351
26.03.2014,23,5848
27.03.2014,71,4082
28.03.2014,74,5194
29.03.2014,66,5933
30.03.2014,18,4618
31.03.2014,42,5157
01.04.2014,21,5753
02.04.2014,12,4579
03.04.2014,62,5389
04.04.2014,1,4235
05.04.2014,52,4919
06.04.2014,79,3830
07.04.2014,98,3395
08.04.2014,93,5749
09.04.2014,88,5453
10.04.2014,71,4303
11.04.2014,61,3168
12.04.2014,71,5692
13.04.2014,8,4295
14.04.2014,33,5599
15.04.2014,16,4707
16.04.2014,67,3500
17.04.2014,11,4183
18.04.2014,4,3725
19.04.2014,91,4032
20.04.2014,60,3014
21.04.2014,95,4373
22.04.2014,64,3327
23.04.2014,17,3159
24.04.2014,65,4182
25.04.2014,41,3597
26.04.2014,21,4784
27.04.2014,50,4511
28.04.2014,97,3694
29.04.2014,30,3194
30.04.2014,93,3140
01.05.2014,22,3164
02.05.2014,82,5728
03.05.2014,100,3584
04.05.2014,71,5972
05.05.2014,37,4547
06.05.2014,98,5265
07.05.2014,93,5657
08.05.2014,27,3782
09.05.2014,37,3570
10.05.2014,6,4311
11.05.2014,27,5905
12.05.2014,85,3793
13.05.2014,11,4983
14.05.2014,75,4209
15.05.2014,36,4323
16.05.2014,31,4217
17.05.2014,100,4649
18.05.2014,68,5597
19.05.2014,62,5882
20.05.2014,26,5804
21.05.2014,90,4696
22.05.2014,48,3916
23.05.2014,32,3414
24.05.2014,54,5253
25.05.2014,53,4764
26.05.2014,69,4662
27.05.2014,51,4195
28.05.2014,7,4678
29.05.2014,2,3507
30.05.2014,78,5755
31.05.2014,54,4163
01.06.2014,51,4344
02.06.2014,22,4822
03.06.2014,66,5499
04.06.2014,74,3659
05.06.2014,6,5452
06.06.2014,26,3438
07.06.2014,21,3087
08.06.2014,67,3932
09.06.2014,6,5662
10.06.2014,42,4623
11.06.2014,43,4966
12.06.2014,32,5861
13.06.2014,100,4949
14.06.2014,3,3501
15.06.2014,85,4642
16.06.2014,4,5081
17.06.2014,38,4031
18.06.2014,38,5439
19.06.2014,68,5410
20.06.2014,81,5140
21.06.2014,8,4607
22.06.2014,76,3625
23.06.2014,8,4235
24.06.2014,75,3227
25.06.2014,30,4838
26.06.2014,39,5403
27.06.2014,54,4836
28.06.2014,35,5857
29.06.2014,67,5801
30.06.2014,24,3148
01.07.2014,11,3148
02.07.2014,52,3503
03.07.2014,33,4950
04.07.2014,37,4855
05.07.2014,69,3995
06.07.2014,72,4083
07.07.2014,51,4562
08.07.2014,18,5213
09.07.2014,54,4440
10.07.2014,30,4282
11.07.2014,63,4677
12.07.2014,46,3162
13.07.2014,3,4443
14.07.2014,86,4346
15.07.2014,74,5338
16.07.2014,29,3498
17.07.2014,28,5523
18.07.2014,16,4483
19.07.2014,8,3399
20.07.2014,8,4020
21.07.2014,44,4873
22.07.2014,71,4760
23.07.2014,77,5923
24.07.2014,99,5012
25.07.2014,82,4543
26.07.2014,57,3593
27.07.2014,41,4943
28.07.2014,24,5526
29.07.2014,88,5627
30.07.2014,20,3741
31.07.2014,77,4437
01.08.2014,33,3882
02.08.2014,17,5705
03.08.2014,92,3465
04.08.2014,94,5688
05.08.2014,8,5303
06.08.2014,79,4106
07.08.2014,11,3469
08.08.2014,15,3017
09.08.2014,86,5780
10.08.2014,27,3648
11.08.2014,75,4078
12.08.2014,18,4144
13.08.2014,95,3605
14.08.2014,16,4534
15.08.2014,81,5977
16.08.2014,72,4627
17.08.2014,6,3541
18.08.2014,42,5186
19.08.2014,27,5879
20.08.2014,36,3151
21.08.2014,89,4735
22.08.2014,19,5705
23.08.2014,96,3250
24.08.2014,41,4271
25.08.2014,18,3755
26.08.2014,45,3476
27.08.2014,72,4937
28.08.2014,87,3551
29.08.2014,26,4347
30.08.2014,17,5272
31.08.2014,59,4128
01.09.2014,26,3838
02.09.2014,86,5534
03.09.2014,27,3638
04.09.2014,8,5214
05.09.2014,17,3865
06.09.2014,7,3636
07.09.2014,74,5379
08.09.2014,13,5064
09.09.2014,84,4982
10.09.2014,96,3089
11.09.2014,60,5534
12.09.2014,45,5928
13.09.2014,91,4856
14.09.2014,20,3762
15.09.2014,23,5338
16.09.2014,76,3761
17.09.2014,46,3418
18.09.2014,56,3847
19.09.2014,15,5918
20.09.2014,88,3333
21.09.2014,76,3332
22.09.2014,74,3082
23.09.2014,81,5222
24.09.2014,9,4527
25.09.2014,95,4935
26.09.2014,39,4971
27.09.2014,92,4796
28.09.2014,8,4200
29.09.2014,84,3898
30.09.2014,20,3466
01.10.2014,62,4550
02.10.2014,76,3316
03.10.2014,8,5680
04.10.2014,33,4118
05.10.2014,36,4332
06.10.2014,90,3974
07.10.2014,44,5947
08.10.2014,56,3452
09.10.2014,34,5439
10.10.2014,22,3444
11.10.2014,57,3057
12.10.2014,75,3311
13.10.2014,56,3114
14.10.2014,29,4935
15.10.2014,36,3331
16.10.2014,46,5599
17.10.2014,74,4654
18.10.2014,23,3790
19.10.2014,16,4190
20.10.2014,71,4276
21.10.2014,28,3423
22.10.2014,74,3866
23.10.2014,14,5930
24.10.2014,56,4312
25.10.2014,2,5940
26.10.2014,66,4516
27.10.2014,69,4587
28.10.2014,25,3095
29.10.2014,45,5743
30.10.2014,81,3373
31.10.2014,30,4468
01.11.2014,2,4078
02.11.2014,19,3389
03.11.2014,75,4090
04.11.2014,39,5002
05.11.2014,34,4442
06.11.2014,93,3605
07.11.2014,81,4439
08.11.2014,11,3717
09.11.2014,79,4099
10.11.2014,72,3381
11.11.2014,60,4922
12.11.2014,32,4599
13.11.2014,39,5886
14.11.2014,57,5182
15.11.2014,58,3196
16.11.2014,96,4661
17.11.2014,8,3017
18.11.2014,91,5328
19.11.2014,34,5917
20.11.2014,92,4911
21.11.2014,16,3680
22.11.2014,85,4883
23.11.2014,70,4929
24.11.2014,36,4364
25.11.2014,82,5467
26.11.2014,81,5486
27.11.2014,37,3497
28.11.2014,46,3051
29.11.2014,55,3562
30.11.2014,96,4619
01.12.2014,85,3898
02.12.2014,22,5790
03.12.2014,6,3424
04.12.2014,16,4314
05.12.2014,86,4603
06.12.2014,9,3792
07.12.2014,93,5897
08.12.2014,67,5749
09.12.2014,74,3045
10.12.2014,83,5247
11.12.2014,71,3198
12.12.2014,86,4486
13.12.2014,50,3969
14.12.2014,76,4191
15.12.2014,54,3742
16.12.2014,82,4006
17.12.2014,50,3842
18.12.2014,21,3784
19.12.2014,64,4341
20.12.2014,51,4597
21.12.2014,44,3097
22.12.2014,72,5166
23.12.2014,6,5869
24.12.2014,4,5428
25.12.2014,61,5445
26.12.2014,53,3026
27.12.2014,81,5460
28.12.2014,67,5615
29.12.2014,95,4046
30.12.2014,67,3649
31.12.2014,97,5102
01.01.2015,2,4424
02.01.2015,11,3167
03.01.2015,5,4140
04.01.2015,75,4654
05.01.2015,64,3052
06.01.2015,22,5466
07.01.2015,47,3417
08.01.2015,81,5676
09.01.2015,16,3062
10.01.2015,62,4576
11.01.2015,77,5916
12.01.2015,84,4392
13.01.2015,83,4309
14.01.2015,38,4369
15.01.2015,10,3753
16.01.2015,99,3400
17.01.2015,39,4848
18.01.2015,16,4598
19.01.2015,67,4898
20.01.2015,96,5599
21.01.2015,66,5256
22.01.2015,16,5016
23.01.2015,22,3034
24.01.2015,18,4215
25.01.2015,86,5340
26.01.2015,55,5977
27.01.2015,87,3984
28.01.2015,55,3433
29.01.2015,21,5926
30.01.2015,12,3374
31.01.2015,72,4337
01.02.2015,96,5054
02.02.2015,74,3385
03.02.2015,23,3345
04.02.2015,75,3091
05.02.2015,47,3741
06.02.2015,83,3934
07.02.2015,99,3350
08.02.2015,67,5147
09.02.2015,26,5038
10.02.2015,85,3609
11.02.2015,12,3334
12.02.2015,94,3180
13.02.2015,81,4814
14.02.2015,88,5842
15.02.2015,12,4369
16.02.2015,12,4820
17.02.2015,50,5390
18.02.2015,91,3736
19.02.2015,20,4668
20.02.2015,71,5439
21.02.2015,54,3563
22.02.2015,58,3186
23.02.2015,91,4807
24.02.2015,38,3400
25.02.2015,14,5728
26.02.2015,94,4306
27.02.2015,28,5700
28.02.2015,47,5757
01.03.2015,40,3248
02.03.2015,37,4504
03.03.2015,98,5232
04.03.2015,76,3310
05.03.2015,72,3798
06.03.2015,86,5599
07.03.2015,64,3902
08.03.2015,35,5171
09.03.2015,94,3439
10.03.2015,99,5145
11.03.2015,63,4941
12.03.2015,34,3838
13.03.2015,69,5397
14.03.2015,70,4039
15.03.2015,88,5223
16.03.2015,90,5143
17.03.2015,35,5116
18.03.2015,81,5067
19.03.2015,31,3467
20.03.2015,61,3011
21.03.2015,42,3644
22.03.2015,14,5766
23.03.2015,26,3051
24.03.2015,2,3236
25.03.2015,92,5144
26.03.2015,74,3994
27.03.2015,15,4597
28.03.2015,13,3369
29.03.2015,69,5088
30.03.2015,24,3524
31.03.2015,45,3249
01.04.2015,17,3690
02.04.2015,11,4878
03.04.2015,13,4232
04.04.2015,33,5518
05.04.2015,70,4775
06.04.2015,10,5264
07.04.2015,58,4876
08.04.2015,22,5213
09.04.2015,75,3060
10.04.2015,99,4940
11.04.2015,7,3614
12.04.2015,60,3693
13.04.2015,85,4209
14.04.2015,66,3834
15.04.2015,28,3233
16.04.2015,27,5497
17.04.2015,60,3274
18.04.2015,64,3064
19.04.2015,25,4233
20.04.2015,27,3982
21.04.2015,84,4243
22.04.2015,22,5478
23.04.2015,20,3670
24.04.2015,34,3177
25.04.2015,68,5448
26.04.2015,73,3207
27.04.2015,47,4854
28.04.2015,96,5533
29.04.2015,83,4867
30.04.2015,50,4602
01.05.2015,17,3264
02.05.2015,3,4593
03.05.2015,10,3432
04.05.2015,56,5632
05.05.2015,96,5462
06.05.2015,71,5764
07.05.2015,31,3780
08.05.2015,80,5372
09.05.2015,87,3526
10.05.2015,55,4950
11.05.2015,15,3164
12.05.2015,81,5016
13.05.2015,91,3301
14.05.2015,11,4715
15.05.2015,82,3717
16.05.2015,2,5353
17.05.2015,74,3584
18.05.2015,96,3170
19.05.2015,72,3975
20.05.2015,92,5817
21.05.2015,70,5990
22.05.2015,42,3403
23.05.2015,50,4551
24.05.2015,50,4756
25.05.2015,60,4693
26.05.2015,90,5518
27.05.2015,12,4947
28.05.2015,91,3418
29.05.2015,4,4460
30.05.2015,48,5634
31.05.2015,82,5938
01.06.2015,58,5618
02.06.2015,27,4761
03.06.2015,71,4382
04.06.2015,65,3224
05.06.2015,78,5836
06.06.2015,18,3100
07.06.2015,72,3173
08.06.2015,36,3541
09.06.2015,68,5273
10.06.2015,60,5760
11.06.2015,55,5140
12.06.2015,79,5114
13.06.2015,29,3104
14.06.2015,31,3033
15.06.2015,20,5833
16.06.2015,68,3333
17.06.2015,47,5765
18.06.2015,64,4057
19.06.2015,54,3877
20.06.2015,33,3680
21.06.2015,92,4235
22.06.2015,27,3882
23.06.2015,63,5912
24.06.2015,17,5286
25.06.2015,67,3984
26.06.2015,32,4822
27.06.2015,33,4366
28.06.2015,14,3397
29.06.2015,47,3333
30.06.2015,21,5665
01.07.2015,59,5085
02.07.2015,1,3036
03.07.2015,97,3228
04.07.2015,63,4614
05.07.2015,13,4323
06.07.2015,28,3392
07.07.2015,9,5494
08.07.2015,80,4770
09.07.2015,55,3817
10.07.2015,53,3381
11.07.2015,58,5502
12.07.2015,59,3738
13.07.2015,46,5912
14.07.2015,74,5030
15.07.2015,33,3139
16.07.2015,88,5092
17.07.2015,44,5800
18.07.2015,68,3643
19.07.2015,31,4923
20.07.2015,25,3406
21.07.2015,92,4987
22.07.2015,94,5408
23.07.2015,7,5540
24.07.2015,81,3116
25.07.2015,1,5928
26.07.2015,76,5770
27.07.2015,4,5700
28.07.2015,27,5967
29.07.2015,91,4352
30.07.2015,29,3602
31.07.2015,20,4414
01.08.2015,9,3797
02.08.2015,41,3623
03.08.2015,92,5800
04.08.2015,26,5029
05.08.2015,70,3593
06.08.2015,55,4265
07.08.2015,10,4527
08.08.2015,14,4038
09.08.2015,24,3753
10.08.2015,52,3171
11.08.2015,16,4550
12.08.2015,59,5520
13.08.2015,75,4696
14.08.2015,78,5078
15.08.2015,4,5647
16.08.2015,47,5578
17.08.2015,50,5204
18.08.2015,10,5314
19.08.2015,45,3417
20.08.2015,61,5337
21.08.2015,12,3707
22.08.2015,100,4923
23.08.2015,16,3130
24.08.2015,92,4509
25.08.2015,69,3929
26.08.2015,66,3241
27.08.2015,59,3472
28.08.2015,69,4417
29.08.2015,62,5517
30.08.2015,31,4233
31.08.2015,54,4944
01.09.2015,31,4702
02.09.2015,96,3539
03.09.2015,73,5995
04.09.2015,18,3795
05.09.2015,50,4357
06.09.2015,60,4008
07.09.2015,33,3986
08.09.2015,96,4884
09.09.2015,97,3437
10.09.2015,50,3192
11.09.2015,74,3283
12.09.2015,59,3115
13.09.2015,74,3074
14.09.2015,67,3153
15.09.2015,92,5470
16.09.2015,97,4990
17.09.2015,90,4389
18.09.2015,4,4681
19.09.2015,97,5458
20.09.2015,43,4286
21.09.2015,91,3075
22.09.2015,84,5251
23.09.2015,76,4229
24.09.2015,4,4900
25.09.2015,65,4258
26.09.2015,45,4702
27.09.2015,45,4872
28.09.2015,72,3190
29.09.2015,33,3968
30.09.2015,49,4541
01.10.2015,10,4635
02.10.2015,26,5612
03.10.2015,71,5809
04.10.2015,13,3329
05.10.2015,31,4906
06.10.2015,36,4095
07.10.2015,78,3911
08.10.2015,49,4443
09.10.2015,40,5844
10.10.2015,32,5263
11.10.2015,66,5574
12.10.2015,46,5953
13.10.2015,50,4145
14.10.2015,16,5005
15.10.2015,16,5703
16.10.2015,7,5740
17.10.2015,21,4368
18.10.2015,64,3509
19.10.2015,19,3786
20.10.2015,97,4117
21.10.2015,72,5221
22.10.2015,66,3152
23.10.2015,50,5175
24.10.2015,38,3820
25.10.2015,3,5512
26.10.2015,82,5031
27.10.2015,17,3096
28.10.2015,49,5636
29.10.2015,51,4411
30.10.2015,29,4729
31.10.2015,75,3610
01.11.2015,56,4098
02.11.2015,92,5966
03.11.2015,84,4420
04.11.2015,31,5005
05.11.2015,33,3786
06.11.2015,90,3789
07.11.2015,49,5705
08.11.2015,32,3038
09.11.2015,55,3633
10.11.2015,52,5614
11.11.2015,67,5052
12.11.2015,42,3259
13.11.2015,40,3097
14.11.2015,43,3876
15.11.2015,86,3029
16.11.2015,14,4947
17.11.2015,32,3624
18.11.2015,51,5114
19.11.2015,1,4582
20.11.2015,19,3639
21.11.2015,76,4776
22.11.2015,68,5622
23.11.2015,59,3451
24.11.2015,37,4938
25.11.2015,63,3650
26.11.2015,71,4020
27.11.2015,95,3519
28.11.2015,69,5972
29.11.2015,87,5767
30.11.2015,93,3599
01.12.2015,5,4964
02.12.2015,22,3964
03.12.2015,64,5824
04.12.2015,3,5726
05.12.2015,73,3651
06.12.2015,85,3700
07.12.2015,22,3380
08.12.2015,27,4819
09.12.2015,9,5724
10.12.2015,76,3909
11.12.2015,17,3004
12.12.2015,35,5342
13.12.2015,63,5390
14.12.2015,32,4283
15.12.2015,85,4580
16.12.2015,38,5863
17.12.2015,72,5615
18.12.2015,11,3948
19.12.2015,93,4594
20.12.2015,6,4261
21.12.2015,22,4756
22.12.2015,51,3538
23.12.2015,58,3074
24.12.2015,93,5793
25.12.2015,79,3551
26.12.2015,5,5436
27.12.2015,42,3868
28.12.2015,51,5666
29.12.2015,51,4318
30.12.2015,20,4337
31.12.2015,84,5646
01.01.2016,39,5573
02.01.2016,79,5934
03.01.2016,1,3015
04.01.2016,42,3923
05.01.2016,1,4506
06.01.2016,75,3148
07.01.2016,43,5026
08.01.2016,48,5302
09.01.2016,80,4207
10.01.2016,90,5954
11.01.2016,68,3098
12.01.2016,1,5470
13.01.2016,71,3037
14.01.2016,54,3973
15.01.2016,70,4487
16.01.2016,40,4752
17.01.2016,41,3559
18.01.2016,94,4368
19.01.2016,49,3771
20.01.2016,91,5127
21.01.2016,58,4089
22.01.2016,4,3181
23.01.2016,4,3139
24.01.2016,54,5683
25.01.2016,41,4163
26.01.2016,48,4239
27.01.2016,17,5403
28.01.2016,45,5562
29.01.2016,37,4460
30.01.2016,89,3524
31.01.2016,39,5393
01.02.2016,36,4778
02.02.2016,56,3479
03.02.2016,70,3492
04.02.2016,62,3621
05.02.2016,7,3910
06.02.2016,96,5170
07.02.2016,55,3346
08.02.2016,29,3095
09.02.2016,73,5527
10.02.2016,26,5676
11.02.2016,30,3345
12.02.2016,93,4160
13.02.2016,95,3222
14.02.2016,87,3543
15.02.2016,54,5752
16.02.2016,66,5896
17.02.2016,32,5899
18.02.2016,21,4745
19.02.2016,80,5849
20.02.2016,98,4178
21.02.2016,58,3809
22.02.2016,52,5460
23.02.2016,26,5032
24.02.2016,77,3792
25.02.2016,25,5896
26.02.2016,6,5339
27.02.2016,38,4280
28.02.2016,61,4303
29.02.2016,42,4521
01.03.2016,100,4814
02.03.2016,30,3413
03.03.2016,99,3965
04.03.2016,88,4681
05.03.2016,22,3263
06.03.2016,47,5681
07.03.2016,96,4535
08.03.2016,86,5708
09.03.2016,96,3351
10.03.2016,29,3064
11.03.2016,68,4346
12.03.2016,39,5987
13.03.2016,89,4292
14.03.2016,44,5610
15.03.2016,87,5769
16.03.2016,13,3440
17.03.2016,56,5386
18.03.2016,61,5408
19.03.2016,75,5787
20.03.2016,66,3704
21.03.2016,38,4250
22.03.2016,74,4046
23.03.2016,38,5770
24.03.2016,96,4840
25.03.2016,79,4266
26.03.2016,35,4417
27.03.2016,5,4361
28.03.2016,20,4116
29.03.2016,97,5074
30.03.2016,53,3882
31.03.2016,20,3783
01.04.2016,71,4296
02.04.2016,3,5053
03.04.2016,73,3514
04.04.2016,50,3378
05.04.2016,38,5738
06.04.2016,1,5366
07.04.2016,25,5121
08.04.2016,78,5486
09.04.2016,9,3259
10.04.2016,11,5064
11.04.2016,64,5514
12.04.2016,98,4986
13.04.2016,79,5730
14.04.2016,23,3796
15.04.2016,62,3845
16.04.2016,57,4277
17.04.2016,47,4240
18.04.2016,36,3883
19.04.2016,14,3080
20.04.2016,33,3959
21.04.2016,76,3147
22.04.2016,53,3539
23.04.2016,71,5113
24.04.2016,13,5202
25.04.2016,45,4001
26.04.2016,97,3855
27.04.2016,79,4859
28.04.2016,22,5724
29.04.2016,51,4655
30.04.2016,86,5382
01.05.2016,2,4705
02.05.2016,41,3910
03.05.2016,32,3278
04.05.2016,63,4225
05.05.2016,66,3960
06.05.2016,78,5921
07.05.2016,13,4653
08.05.2016,70,3759
09.05.2016,98,4243
10.05.2016,56,4442
11.05.2016,74,5613
12.05.2016,94,4344
13.05.2016,12,5545
14.05.2016,38,5373
15.05.2016,84,4796
16.05.2016,83,5729
17.05.2016,18,4281
18.05.2016,75,5685
19.05.2016,82,4598
20.05.2016,3,5461
21.05.2016,40,4122
22.05.2016,1,4209
23.05.2016,9,5278
24.05.2016,14,4122
25.05.2016,91,5285
26.05.2016,47,5579
27.05.2016,38,4989
28.05.2016,40,3983
29.05.2016,52,5966
30.05.2016,78,5907
31.05.2016,25,4147
01.06.2016,31,5485
02.06.2016,7,5976
03.06.2016,5,5060
04.06.2016,62,3483
05.06.2016,32,5770
06.06.2016,7,5586
07.06.2016,74,5688
08.06.2016,51,4547
09.06.2016,11,5376
10.06.2016,43,4832
11.06.2016,70,4227
12.06.2016,22,5542
13.06.2016,85,3310
14.06.2016,14,4764
15.06.2016,88,4690
16.06.2016,1,4521
17.06.2016,90,5292
18.06.2016,66,5861
19.06.2016,50,5997
20.06.2016,64,5010
21.06.2016,87,3601
22.06.2016,27,4473
23.06.2016,15,5721
24.06.2016,50,3136
25.06.2016,82,4387
26.06.2016,88,3370
27.06.2016,73,4673
28.06.2016,36,4440
29.06.2016,97,4242
30.06.2016,53,4941
01.07.2016,95,3261
02.07.2016,36,5138
03.07.2016,22,4967
04.07.2016,52,4046
05.07.2016,87,5266
06.07.2016,18,5508
07.07.2016,72,3727
08.07.2016,82,4992
09.07.2016,83,5774
10.07.2016,77,3744
11.07.2016,80,3405
12.07.2016,19,5706
13.07.2016,47,3613
14.07.2016,63,3526
15.07.2016,45,5477
16.07.2016,87,5093
17.07.2016,38,3201
18.07.2016,88,4742
19.07.2016,12,4246
20.07.2016,69,4218
21.07.2016,5,4895
22.07.2016,94,4535
23.07.2016,85,3664
24.07.2016,65,5794
25.07.2016,100,3464
26.07.2016,33,5378
27.07.2016,56,5477
28.07.2016,31,5543
29.07.2016,35,5170
30.07.2016,97,4155
31.07.2016,30,4996
01.08.2016,70,4875
02.08.2016,48,5687
03.08.2016,63,3990
04.08.2016,74,4139
05.08.2016,1,5925
06.08.2016,94,3166
07.08.2016,81,3670
08.08.2016,40,4910
09.08.2016,52,4169
10.08.2016,35,5182
11.08.2016,41,5124
12.08.2016,70,5351
13.08.2016,50,3676
14.08.2016,82,4674
15.08.2016,16,4114
16.08.2016,48,3252
17.08.2016,24,5849
18.08.2016,31,4084
19.08.2016,62,4880
20.08.2016,21,5651
21.08.2016,82,4826
22.08.2016,97,3313
23.08.2016,37,4657
24.08.2016,63,3820
25.08.2016,14,4449
26.08.2016,12,3401
27.08.2016,75,5997
28.08.2016,85,3972
29.08.2016,90,4696
30.08.2016,73,4053
31.08.2016,22,3982
01.09.2016,23,3456
02.09.2016,14,5496
03.09.2016,95,4359
04.09.2016,54,4759
05.09.2016,24,5494
06.09.2016,28,5429
07.09.2016,16,4074
08.09.2016,46,4454
09.09.2016,92,5208
10.09.2016,87,3537
11.09.2016,29,4858
12.09.2016,39,3460
13.09.2016,50,4047
14.09.2016,52,3922
15.09.2016,85,3927
16.09.2016,85,3443
17.09.2016,90,3560
18.09.2016,34,5331
19.09.2016,29,3308
20.09.2016,29,5946
21.09.2016,63,5082
22.09.2016,94,5323
23.09.2016,89,5999
24.09.2016,87,4466
25.09.2016,84,5029
26.09.2016,48,3467
27.09.2016,94,4359
28.09.2016,74,4715
29.09.2016,22,3846
30.09.2016,23,4011
01.10.2016,34,5187
02.10.2016,82,4416
03.10.2016,41,5685
04.10.2016,46,3610
05.10.2016,56,4575
06.10.2016,87,4046
07.10.2016,36,3713
08.10.2016,29,3263
09.10.2016,65,3773
10.10.2016,69,4455
11.10.2016,39,5705
12.10.2016,4,5180
13.10.2016,66,5612
14.10.2016,63,3335
15.10.2016,92,3366
16.10.2016,7,3424
17.10.2016,1,5448
18.10.2016,21,4677
19.10.2016,72,3706
20.10.2016,95,5515
21.10.2016,56,5097
22.10.2016,57,4700
23.10.2016,95,5932
24.10.2016,14,4734
25.10.2016,31,5540
26.10.2016,92,3877
27.10.2016,22,4571
28.10.2016,7,5307
29.10.2016,98,5315
30.10.2016,38,4453
31.10.2016,52,4061
01.11.2016,92,5152
02.11.2016,29,4879
03.11.2016,4,5719
04.11.2016,100,4715
05.11.2016,51,3077
06.11.2016,5,5349
07.11.2016,1,3168
08.11.2016,2,4498
09.11.2016,98,3890
10.11.2016,20,4384
11.11.2016,65,4574
12.11.2016,62,3827
13.11.2016,18,3020
14.11.2016,5,5202
15.11.2016,22,4215
16.11.2016,65,4121
17.11.2016,14,3148
18.11.2016,68,4474
19.11.2016,60,5110
20.11.2016,9,5800
21.11.2016,12,4616
22.11.2016,50,5011
23.11.2016,88,5561
24.11.2016,63,3517
25.11.2016,80,4631
26.11.2016,57,5663
27.11.2016,30,3418
28.11.2016,28,3851
29.11.2016,26,3724
30.11.2016,9,5473
01.12.2016,44,3791
02.12.2016,53,3423
03.12.2016,21,5815
04.12.2016,19,4665
05.12.2016,35,3360
06.12.2016,84,4963
07.12.2016,61,5342
08.12.2016,96,3830
09.12.2016,23,3489
10.12.2016,8,3458
11.12.2016,44,3285
12.12.2016,9,3273
13.12.2016,75,5525
14.12.2016,73,3906
15.12.2016,95,3305
16.12.2016,10,3244
17.12.2016,13,3314
18.12.2016,86,4870
19.12.2016,95,4175
20.12.2016,85,4406
21.12.2016,57,3444
22.12.2016,59,5927
23.12.2016,73,4072
24.12.2016,17,3179
25.12.2016,48,5487
26.12.2016,79,4367
27.12.2016,32,3364
28.12.2016,46,4362
29.12.2016,23,4715
30.12.2016,69,4170
31.12.2016,100,5290
01.01.2017,39,3334
02.01.2017,18,3564
03.01.2017,46,4691
04.01.2017,13,5211
05.01.2017,10,5897
06.01.2017,95,3550
07.01.2017,24,3012
08.01.2017,98,5424
09.01.2017,49,5293
10.01.2017,74,5326
11.01.2017,30,3460
12.01.2017,78,5644
13.01.2017,20,4994
14.01.2017,27,3393
15.01.2017,52,5855
16.01.2017,99,4670
17.01.2017,62,4856
18.01.2017,36,4647
19.01.2017,74,4160
20.01.2017,65,4549
21.01.2017,8,5271
22.01.2017,28,5019
23.01.2017,58,5695
24.01.2017,79,3289
25.01.2017,76,5986
26.01.2017,99,4549
27.01.2017,4,3564
28.01.2017,19,3819
29.01.2017,80,5554
30.01.2017,14,4284
31.01.2017,88,4927
01.02.2017,85,3680
02.02.2017,2,5429
03.02.2017,63,3417
04.02.2017,3,5687
05.02.2017,90,4087
06.02.2017,15,4314
07.02.2017,25,5449
08.02.2017,17,3200
09.02.2017,65,5007
10.02.2017,90,4107
11.02.2017,75,5935
12.02.2017,81,4237
13.02.2017,51,4547
14.02.2017,3,5077
15.02.2017,78,3110
16.02.2017,62,5201
17.02.2017,34,5791
18.02.2017,41,5432
19.02.2017,28,3821
20.02.2017,10,3254
21.02.2017,97,5536
22.02.2017,90,3809
23.02.2017,53,5572
24.02.2017,61,5087
25.02.2017,77,4538
26.02.2017,83,5910
27.02.2017,17,3017
28.02.2017,86,5057
01.03.2017,92,3956
02.03.2017,16,3856
03.03.2017,83,4714
04.03.2017,15,4670
05.03.2017,85,3059
06.03.2017,25,5253
07.03.2017,19,5808
08.03.2017,92,3684
09.03.2017,37,5330
10.03.2017,29,5006
11.03.2017,84,4253
12.03.2017,33,3875
13.03.2017,85,3991
14.03.2017,23,3475
15.03.2017,41,4670
16.03.2017,18,4562
17.03.2017,22,3308
18.03.2017,87,5140
19.03.2017,66,3543
20.03.2017,64,3504
21.03.2017,12,4936
22.03.2017,54,5488
23.03.2017,60,5157
24.03.2017,65,5771
25.03.2017,51,4425
26.03.2017,83,4719
27.03.2017,17,3099
28.03.2017,46,5315
29.03.2017,28,5861
30.03.2017,32,5725
31.03.2017,63,3607
01.04.2017,64,5478
02.04.2017,62,3916
03.04.2017,79,3388
04.04.2017,62,3447
05.04.2017,5,4159
06.04.2017,62,3936
07.04.2017,64,3152
08.04.2017,40,3195
09.04.2017,7,3712
10.04.2017,98,4703
11.04.2017,12,3091
12.04.2017,45,4857
13.04.2017,44,3244
14.04.2017,90,3935
15.04.2017,33,5187
16.04.2017,94,4870
17.04.2017,4,3388
18.04.2017,78,5719
19.04.2017,44,5549
20.04.2017,4,4824
21.04.2017,100,4079
22.04.2017,65,5619
23.04.2017,51,5375
24.04.2017,8,4634
25.04.2017,68,4448
26.04.2017,33,3839
27.04.2017,45,5140
28.04.2017,44,4159
29.04.2017,41,4160
30.04.2017,17,4611
01.05.2017,75,3634
02.05.2017,86,5106
03.05.2017,33,5260
04.05.2017,85,3399
05.05.2017,27,5459
06.05.2017,25,5426
07.05.2017,66,5278
08.05.2017,1,5631
09.05.2017,23,3119
10.05.2017,80,3445
11.05.2017,32,5985
12.05.2017,67,3577
13.05.2017,21,5309
14.05.2017,31,4232
15.05.2017,69,4567
16.05.2017,47,4084
17.05.2017,63,5994
18.05.2017,12,4452
19.05.2017,12,5846
20.05.2017,32,3098
21.05.2017,76,4300
22.05.2017,84,5966
23.05.2017,95,5250
24.05.2017,34,4737
25.05.2017,16,3266
26.05.2017,54,4659
27.05.2017,58,3875
28.05.2017,78,3000
29.05.2017,70,4130
30.05.2017,55,5772
31.05.2017,88,3115
01.06.2017,9,6000
02.06.2017,91,5289
03.06.2017,7,5041
04.06.2017,98,3055
05.06.2017,96,3328
06.06.2017,95,4650
07.06.2017,99,4645
08.06.2017,60,5889
09.06.2017,28,4883
10.06.2017,57,3279
11.06.2017,17,5413
12.06.2017,12,4313
13.06.2017,23,4763
14.06.2017,85,5827
15.06.2017,27,3256
16.06.2017,79,4947
17.06.2017,21,4927
18.06.2017,31,4198
19.06.2017,76,3497
20.06.2017,27,4869
21.06.2017,94,5678
22.06.2017,29,5770
23.06.2017,49,4320
24.06.2017,8,4412
25.06.2017,79,5915
26.06.2017,93,3907
27.06.2017,77,3517
28.06.2017,42,5311
29.06.2017,12,5855
30.06.2017,62,4774
01.07.2017,12,5850
02.07.2017,74,4569
03.07.2017,49,3792
04.07.2017,98,3163
05.07.2017,61,4552
06.07.2017,42,3933
07.07.2017,58,5012
08.07.2017,43,3037
09.07.2017,44,5573
10.07.2017,59,5392
11.07.2017,29,4696
12.07.2017,85,4932
13.07.2017,57,5919
14.07.2017,14,3678
15.07.2017,18,4069
16.07.2017,58,4273
17.07.2017,51,5825
18.07.2017,97,4884
19.07.2017,14,4498
20.07.2017,32,3974
21.07.2017,83,3876
22.07.2017,62,5365
23.07.2017,64,5104
24.07.2017,67,5584
25.07.2017,92,4476
26.07.2017,1,4452
27.07.2017,3,3790
28.07.2017,5,5312
29.07.2017,8,5893
30.07.2017,63,5124
31.07.2017,7,3062
01.08.2017,82,3208
02.08.2017,36,3845
03.08.2017,4,3367
04.08.2017,5,3686
05.08.2017,66,5533
06.08.2017,42,5876
07.08.2017,80,4195
08.08.2017,17,3370
09.08.2017,53,5826
10.08.2017,82,5317
11.08.2017,10,3678
12.08.2017,18,3751
13.08.2017,36,4212
14.08.2017,7,4054
15.08.2017,16,3523
16.08.2017,26,4116
17.08.2017,18,4685
18.08.2017,65,4424
19.08.2017,26,5163
20.08.2017,78,4274
21.08.2017,64,4103
22.08.2017,88,5051
23.08.2017,37,4091
24.08.2017,66,5282
25.08.2017,82,4063
26.08.2017,86,5422
27.08.2017,83,3193
28.08.2017,90,3342
29.08.2017,83,4067
30.08.2017,43,3867
31.08.2017,47,4345
01.09.2017,54,4002
02.09.2017,90,3668
03.09.2017,24,3377
04.09.2017,56,3850
05.09.2017,64,4221
06.09.2017,87,4542
07.09.2017,9,4725
08.09.2017,21,5153
09.09.2017,68,3768
10.09.2017,70,3493
11.09.2017,12,3477
12.09.2017,39,5288
13.09.2017,35,5888
14.09.2017,28,4995
15.09.2017,36,5934
16.09.2017,29,5612
17.09.2017,5,3451
18.09.2017,83,5915
19.09.2017,7,5781
20.09.2017,28,3527
21.09.2017,36,3108
22.09.2017,26,4498
23.09.2017,96,4064
24.09.2017,14,5426
25.09.2017,90,5742
26.09.2017,3,5024
27.09.2017,2,4222
28.09.2017,49,5642
29.09.2017,37,4901
30.09.2017,51,4395
01.10.2017,52,5597
02.10.2017,52,5855
03.10.2017,62,5990
04.10.2017,60,4541
05.10.2017,99,5159
06.10.2017,59,4215
07.10.2017,33,5716
08.10.2017,91,4148
09.10.2017,25,4995
10.10.2017,53,3045
11.10.2017,27,4425
12.10.2017,77,3075
13.10.2017,65,3915
14.10.2017,56,5523
15.10.2017,30,5469
16.10.2017,43,5589
17.10.2017,73,3552
18.10.2017,12,4915
19.10.2017,60,4032
20.10.2017,46,4763
21.10.2017,12,5652
22.10.2017,37,3220
23.10.2017,77,3643
24.10.2017,61,4054
25.10.2017,50,4019
26.10.2017,76,4463
27.10.2017,96,3064
28.10.2017,37,5129
29.10.2017,95,5536
30.10.2017,23,4121
31.10.2017,95,3154
01.11.2017,41,3734
02.11.2017,94,5172
03.11.2017,2,5305
04.11.2017,48,4264
05.11.2017,69,3839
06.11.2017,39,3403
07.11.2017,30,4405
08.11.2017,80,3380
09.11.2017,5,5074
10.11.2017,2,4280
11.11.2017,27,4129
12.11.2017,93,5700
13.11.2017,75,4772
14.11.2017,44,4447
15.11.2017,79,3443
16.11.2017,14,5966
17.11.2017,83,4736
18.11.2017,35,3210
19.11.2017,90,3759
20.11.2017,12,5390
21.11.2017,22,5807
22.11.2017,57,3470
23.11.2017,55,5719
24.11.2017,92,5149
25.11.2017,53,3547
26.11.2017,99,4097
27.11.2017,63,4216
28.11.2017,68,3275
29.11.2017,23,4900
30.11.2017,27,4868
01.12.2017,98,4150
02.12.2017,79,4218
03.12.2017,62,3051
04.12.2017,33,5426
05.12.2017,54,4084
06.12.2017,4,5942
07.12.2017,23,4111
08.12.2017,6,5033
09.12.2017,83,5212
10.12.2017,59,5247
11.12.2017,7,4118
12.12.2017,49,5166
13.12.2017,74,5451
14.12.2017,15,3524
15.12.2017,79,3800
16.12.2017,3,3467
17.12.2017,64,5838
18.12.2017,30,3306
19.12.2017,44,5453
20.12.2017,18,3934
21.12.2017,61,3476
22.12.2017,66,4816
23.12.2017,92,3641
24.12.2017,6,5946
25.12.2017,91,3591
26.12.2017,27,5541
27.12.2017,99,5464
28.12.2017,78,4334
29.12.2017,75,5823
30.12.2017,1,5915
31.12.2017,6,5287
01.01.2018,58,3032
02.01.2018,85,5546
03.01.2018,26,3607
04.01.2018,96,4078
05.01.2018,62,4037
06.01.2018,56,5425
07.01.2018,47,5339
08.01.2018,87,3423
09.01.2018,42,3555
10.01.2018,46,5590
11.01.2018,47,4595
12.01.2018,12,3588
13.01.2018,74,5176
14.01.2018,55,5637
15.01.2018,58,4380
16.01.2018,5,4863
17.01.2018,11,4605
18.01.2018,84,3406
19.01.2018,35,4747
20.01.2018,3,3616
21.01.2018,9,3942
22.01.2018,18,4590
23.01.2018,53,3814
24.01.2018,91,3438
25.01.2018,23,4624
26.01.2018,99,3980
27.01.2018,36,5068
28.01.2018,46,4599
29.01.2018,12,3592
30.01.2018,56,5438
31.01.2018,31,5735
01.02.2018,16,4044
02.02.2018,89,3557
03.02.2018,76,5301
04.02.2018,53,4314
05.02.2018,72,4188
06.02.2018,60,3342
07.02.2018,5,3449
08.02.2018,21,3523
09.02.2018,81,3136
10.02.2018,92,5982
11.02.2018,94,5986
12.02.2018,19,3666
13.02.2018,14,3509
14.02.2018,54,5839
15.02.2018,84,4655
16.02.2018,92,4515
17.02.2018,66,4208
18.02.2018,13,4878
19.02.2018,80,3130
20.02.2018,37,5132
21.02.2018,26,3460
22.02.2018,27,5286
23.02.2018,23,5182
24.02.2018,50,5973
25.02.2018,90,4417
26.02.2018,77,3181
27.02.2018,9,3543
28.02.2018,80,3661
01.03.2018,23,4318
02.03.2018,73,3090
03.03.2018,44,5635
04.03.2018,45,3927
05.03.2018,71,4738
06.03.2018,30,3354
07.03.2018,48,5581
08.03.2018,28,3388
09.03.2018,13,3460
10.03.2018,100,4549
11.03.2018,91,3284
12.03.2018,36,3445
13.03.2018,31,4904
14.03.2018,39,5999
15.03.2018,12,5925
16.03.2018,51,3215
17.03.2018,1,5828
18.03.2018,74,3915
19.03.2018,34,3847
20.03.2018,55,4525
21.03.2018,70,4111
22.03.2018,10,3880
23.03.2018,49,4780
24.03.2018,73,5347
25.03.2018,30,4292
26.03.2018,72,3555
27.03.2018,14,5586
28.03.2018,65,3809
29.03.2018,97,4980
30.03.2018,53,4634
31.03.2018,93,3332
01.04.2018,14,5082
02.04.2018,84,5884
03.04.2018,41,3169
04.04.2018,31,5096
05.04.2018,6,5829
06.04.2018,88,5781
07.04.2018,80,3880
08.04.2018,8,4563
09.04.2018,31,3592
10.04.2018,37,4508
11.04.2018,94,3167
12.04.2018,5,3108
13.04.2018,72,5829
14.04.2018,30,3103
15.04.2018,14,5366
16.04.2018,35,4025
17.04.2018,74,3692
18.04.2018,59,5171
19.04.2018,55,3263
20.04.2018,30,5880
21.04.2018,35,4221
22.04.2018,65,5922
23.04.2018,31,3357
24.04.2018,95,5851
25.04.2018,69,4901
26.04.2018,60,3375
27.04.2018,70,5616
28.04.2018,48,4767
29.04.2018,77,4685
30.04.2018,9,4867
01.05.2018,63,3732
02.05.2018,70,5737
03.05.2018,5,4185
04.05.2018,24,5605
05.05.2018,87,4589
06.05.2018,15,4843
07.05.2018,87,3970
08.05.2018,4,4222
09.05.2018,43,4614
10.05.2018,57,3203
11.05.2018,84,5043
12.05.2018,71,5694
13.05.2018,97,3504
14.05.2018,74,5442
15.05.2018,41,4797
16.05.2018,23,4090
17.05.2018,79,4954
18.05.2018,15,5433
19.05.2018,65,3412
20.05.2018,19,4676
21.05.2018,43,4040
22.05.2018,6,5106
23.05.2018,55,5940
24.05.2018,11,4058
25.05.2018,14,3093
26.05.2018,42,3915
27.05.2018,25,4388
28.05.2018,83,5278
29.05.2018,50,3811
30.05.2018,85,5681
31.05.2018,94,4898
01.06.2018,20,3252
02.06.2018,69,5976
03.06.2018,59,4855
04.06.2018,16,4327
05.06.2018,40,3220
06.06.2018,98,5795
07.06.2018,44,4797
08.06.2018,78,4700
09.06.2018,37,3341
10.06.2018,91,3245
11.06.2018,97,5633
12.06.2018,1,5510
13.06.2018,65,4187
14.06.2018,58,4305
15.06.2018,35,4646
16.06.2018,6,4032
17.06.2018,67,3553
18.06.2018,18,3803
19.06.2018,24,3274
20.06.2018,41,5523
21.06.2018,8,5552
22.06.2018,75,5541
23.06.2018,42,4514
24.06.2018,19,4389
25.06.2018,86,5222
26.06.2018,48,5688
27.06.2018,90,3547
28.06.2018,94,5005
29.06.2018,64,3510
30.06.2018,20,3844
01.07.2018,73,3764
02.07.2018,91,3453
03.07.2018,76,3101
04.07.2018,40,5678
05.07.2018,40,4943
06.07.2018,5,3051
07.07.2018,47,4308
08.07.2018,24,5720
09.07.2018,64,4707
10.07.2018,57,4819
11.07.2018,90,4021
12.07.2018,29,4550
13.07.2018,4,3722
14.07.2018,72,3448
15.07.2018,84,4002
16.07.2018,58,3581
17.07.2018,49,5768
18.07.2018,62,3135
19.07.2018,97,3550
20.07.2018,81,5866
21.07.2018,51,4854
22.07.2018,2,4260
23.07.2018,38,3201
24.07.2018,4,4415
25.07.2018,77,4032
26.07.2018,100,3627
27.07.2018,55,4088
28.07.2018,47,4923
29.07.2018,27,4571
30.07.2018,36,5268
31.07.2018,11,3535
01.08.2018,29,5337
02.08.2018,92,3963
03.08.2018,20,4604
04.08.2018,93,4644
05.08.2018,11,5761
06.08.2018,3,5755
07.08.2018,91,3064
08.08.2018,40,3370
09.08.2018,95,4158
10.08.2018,46,3045
11.08.2018,8,3046
12.08.2018,3,5470
13.08.2018,15,3702
14.08.2018,35,5095
15.08.2018,94,3285
16.08.2018,95,3517
17.08.2018,75,3430
18.08.2018,32,5351
19.08.2018,95,5068
20.08.2018,78,4122
21.08.2018,89,3918
22.08.2018,53,5509
23.08.2018,57,3136
24.08.2018,79,3697
25.08.2018,76,5337
26.08.2018,50,5201
27.08.2018,67,4188
28.08.2018,12,5549
29.08.2018,50,3473
30.08.2018,62,3110
31.08.2018,79,4209
01.09.2018,39,4452
02.09.2018,53,5649
03.09.2018,3,5355
04.09.2018,71,5201
05.09.2018,53,3729
06.09.2018,29,4087
07.09.2018,100,3551
08.09.2018,55,5919
09.09.2018,84,4700
10.09.2018,30,4381
11.09.2018,63,4193
12.09.2018,52,5031
13.09.2018,71,5915
14.09.2018,76,5345
15.09.2018,33,3003
16.09.2018,96,4488
17.09.2018,13,4403
18.09.2018,87,3920
19.09.2018,70,5065
20.09.2018,67,4433
21.09.2018,73,4351
22.09.2018,14,3847
23.09.2018,37,5985
24.09.2018,92,4092
25.09.2018,26,3261
26.09.2018,25,3930
27.09.2018,62,3896
28.09.2018,68,3090
29.09.2018,57,4343
30.09.2018,24,3771
01.10.2018,65,3897
02.10.2018,99,5381
03.10.2018,17,3159
04.10.2018,55,5462
05.10.2018,65,4821
06.10.2018,13,4598
07.10.2018,1,5089
08.10.2018,93,3093
09.10.2018,50,5388
10.10.2018,91,5588
11.10.2018,67,4622
12.10.2018,51,4470
13.10.2018,20,5457
14.10.2018,85,3809
15.10.2018,10,5964
16.10.2018,31,5523
17.10.2018,54,4037
18.10.2018,61,3794
19.10.2018,36,5016
20.10.2018,95,4699
21.10.2018,31,4465
22.10.2018,26,5761
23.10.2018,44,5551
24.10.2018,31,5545
25.10.2018,31,5712
26.10.2018,3,3952
27.10.2018,41,4034
28.10.2018,8,4297
29.10.2018,27,4745
30.10.2018,100,5194
31.10.2018,56,5585
01.11.2018,29,3052
02.11.2018,13,3757
03.11.2018,29,3299
04.11.2018,73,3220
05.11.2018,7,3178
06.11.2018,25,5423
07.11.2018,89,5507
08.11.2018,64,5936
09.11.2018,94,4406
10.11.2018,43,5605
11.11.2018,86,3822
12.11.2018,15,4189
13.11.2018,91,3024
14.11.2018,50,5418
15.11.2018,12,3463
16.11.2018,6,3059
17.11.2018,14,4642
18.11.2018,60,3503
19.11.2018,28,5563
20.11.2018,95,3005
21.11.2018,3,3554
22.11.2018,66,5734
23.11.2018,73,5977
24.11.2018,21,4963
25.11.2018,69,5895
26.11.2018,28,3801
27.11.2018,28,3667
28.11.2018,36,4425
29.11.2018,10,5077
30.11.2018,54,3590
01.12.2018,57,3790
02.12.2018,40,3575
03.12.2018,8,3278
04.12.2018,60,3446
05.12.2018,75,3791
06.12.2018,29,3550
07.12.2018,23,4203
08.12.2018,96,3304
09.12.2018,76,5333
10.12.2018,41,4346
11.12.2018,66,4362
12.12.2018,65,5040
13.12.2018,44,3170
14.12.2018,77,5750
15.12.2018,18,5521
16.12.2018,23,5404
17.12.2018,100,5869
18.12.2018,94,3971
19.12.2018,74,3584
20.12.2018,88,5826
21.12.2018,48,5912
22.12.2018,94,5109
23.12.2018,31,3668
24.12.2018,48,5517
25.12.2018,67,3418
26.12.2018,39,4801
27.12.2018,89,3557
28.12.2018,94,4425
29.12.2018,100,4630
30.12.2018,75,5864
31.12.2018,93,3698
01.01.2019,88,4240
02.01.2019,27,5710
03.01.2019,77,3944
04.01.2019,29,3159
05.01.2019,58,3963
06.01.2019,62,3966
07.01.2019,84,3127
08.01.2019,49,3219
09.01.2019,8,4564
10.01.2019,71,5227
11.01.2019,55,4213
12.01.2019,83,3755
13.01.2019,98,3359
14.01.2019,65,4919
15.01.2019,27,5166
16.01.2019,1,3334
17.01.2019,88,5356
18.01.2019,76,3853
19.01.2019,69,3183
20.01.2019,94,4442
21.01.2019,88,5646
22.01.2019,79,3337
23.01.2019,55,5432
24.01.2019,29,3668
25.01.2019,19,4873
26.01.2019,34,4937
27.01.2019,7,5357
28.01.2019,35,5098
29.01.2019,10,5741
30.01.2019,77,5921
31.01.2019,7,3091
01.02.2019,33,5178
02.02.2019,13,3836
03.02.2019,57,5367
04.02.2019,28,4391
05.02.2019,82,5553
06.02.2019,17,3620
07.02.2019,80,3502
08.02.2019,96,4819
09.02.2019,83,4362
10.02.2019,14,4464
11.02.2019,65,3585
12.02.2019,27,5570
13.02.2019,9,5502
14.02.2019,47,5209
15.02.2019,94,3217
16.02.2019,67,4694
17.02.2019,84,5661
18.02.2019,23,4313
19.02.2019,96,5880
20.02.2019,65,5190
21.02.2019,34,3420
22.02.2019,68,5242
23.02.2019,35,3704
24.02.2019,42,3584
25.02.2019,5,4569
26.02.2019,11,4769
27.02.2019,100,4798
28.02.2019,3,5170
01.03.2019,74,4987
02.03.2019,36,5527
03.03.2019,91,4700
04.03.2019,100,4884
05.03.2019,64,5332
06.03.2019,46,3215
07.03.2019,84,4361
08.03.2019,78,3490
09.03.2019,70,4550
10.03.2019,32,4414
11.03.2019,51,5578
12.03.2019,50,3365
13.03.2019,9,4514
14.03.2019,1,5346
15.03.2019,10,5559
16.03.2019,53,5369
17.03.2019,39,4700
18.03.2019,81,4362
19.03.2019,88,5931
20.03.2019,52,3062
21.03.2019,40,4928
22.03.2019,59,4688
23.03.2019,24,4575
24.03.2019,75,3280
25.03.2019,53,4404
26.03.2019,3,5467
27.03.2019,70,3249
28.03.2019,96,3957
29.03.2019,35,5322
30.03.2019,70,5998
31.03.2019,23,3295
01.04.2019,78,5264
02.04.2019,58,4044
03.04.2019,55,3255
04.04.2019,67,4527
05.04.2019,16,5117
06.04.2019,95,4061
07.04.2019,55,5046
08.04.2019,38,5091
09.04.2019,63,4560
10.04.2019,95,4560
11.04.2019,32,5280
12.04.2019,47,3939
13.04.2019,63,5029
14.04.2019,67,3504
15.04.2019,4,5726
16.04.2019,90,4097
17.04.2019,36,4142
18.04.2019,99,4527
19.04.2019,70,5940
20.04.2019,25,4668
21.04.2019,32,4935
22.04.2019,56,5816
23.04.2019,60,4401
24.04.2019,80,5327
25.04.2019,86,3229
26.04.2019,1,5730
27.04.2019,25,5955
28.04.2019,65,4107
29.04.2019,87,3871
30.04.2019,80,5300
01.05.2019,88,4685
02.05.2019,71,3435
03.05.2019,23,5513
04.05.2019,77,3364
05.05.2019,59,5454
06.05.2019,94,3098
07.05.2019,69,5600
08.05.2019,28,3695
09.05.2019,2,5733
10.05.2019,83,3676
11.05.2019,48,3549
12.05.2019,91,3142
13.05.2019,62,5697
14.05.2019,97,4035
15.05.2019,11,4376
16.05.2019,90,4760
17.05.2019,56,4232
18.05.2019,39,4787
19.05.2019,46,5615
20.05.2019,6,5992
21.05.2019,81,3230
22.05.2019,50,4184
23.05.2019,60,4944
24.05.2019,14,4393
25.05.2019,100,3310
26.05.2019,69,4731
27.05.2019,86,3336
28.05.2019,76,4222
29.05.2019,69,5548
30.05.2019,52,4187
31.05.2019,94,5419
01.06.2019,41,3611
02.06.2019,7,3702
03.06.2019,79,5101
04.06.2019,7,5621
05.06.2019,53,3764
06.06.2019,72,3986
07.06.2019,41,4734
08.06.2019,17,3721
09.06.2019,41,3478
10.06.2019,63,3464
11.06.2019,16,5181
12.06.2019,16,4629
13.06.2019,76,3900
14.06.2019,98,5746
15.06.2019,85,3891
16.06.2019,16,3365
17.06.2019,82,3474
18.06.2019,37,5736
19.06.2019,9,3986
20.06.2019,1,4884
21.06.2019,84,5166
22.06.2019,56,4713
23.06.2019,15,5846
24.06.2019,77,3894
25.06.2019,41,3373
26.06.2019,16,4185
27.06.2019,85,3297
28.06.2019,67,5020
29.06.2019,59,3626
30.06.2019,99,3471
01.07.2019,1,3835
02.07.2019,29,4122
03.07.2019,28,3325
04.07.2019,87,5450
05.07.2019,43,5241
06.07.2019,47,5261
07.07.2019,8,3419
08.07.2019,6,5376
09.07.2019,21,3395
10.07.2019,2,3696
11.07.2019,17,4132
12.07.2019,15,3300
13.07.2019,95,4337
14.07.2019,42,4675
15.07.2019,18,5076
16.07.2019,46,4001
17.07.2019,78,5335
18.07.2019,88,5546
19.07.2019,57,4298
20.07.2019,30,5219
21.07.2019,39,5516
22.07.2019,66,5623
23.07.2019,98,3062
24.07.2019,88,3382
25.07.2019,92,4351
26.07.2019,51,5206
27.07.2019,7,3248
28.07.2019,83,5978
29.07.2019,60,5446
30.07.2019,26,4687
31.07.2019,91,5312
01.08.2019,50,3756
02.08.2019,9,5362
03.08.2019,89,3875
04.08.2019,43,3991
05.08.2019,17,4829
06.08.2019,46,5263
07.08.2019,27,5085
08.08.2019,64,5348
09.08.2019,34,5521
10.08.2019,27,4315
11.08.2019,68,4821
12.08.2019,94,5875
13.08.2019,73,5914
14.08.2019,44,3157
15.08.2019,9,3119
16.08.2019,58,3805
17.08.2019,51,4361
18.08.2019,28,5056
19.08.2019,97,4333
20.08.2019,51,4924
21.08.2019,62,4712
22.08.2019,8,3687
23.08.2019,62,4221
24.08.2019,28,4475
25.08.2019,74,4155
26.08.2019,11,4197
27.08.2019,62,3643
28.08.2019,68,4133
29.08.2019,22,3504
30.08.2019,18,5081
31.08.2019,29,5912
01.09.2019,63,5182
02.09.2019,8,4009
03.09.2019,89,4168
04.09.2019,74,3533
05.09.2019,70,5963
06.09.2019,9,5741
07.09.2019,27,4490
08.09.2019,45,5570
09.09.2019,77,4834
10.09.2019,55,3700
11.09.2019,64,3191
12.09.2019,38,3072
13.09.2019,95,3844
14.09.2019,41,3727
15.09.2019,27,3009
16.09.2019,72,3630
17.09.2019,88,5302
18.09.2019,50,4267
19.09.2019,44,5959
20.09.2019,65,3289
21.09.2019,97,5225
22.09.2019,66,4830
23.09.2019,42,5363
24.09.2019,29,5581
25.09.2019,5,3709
26.09.2019,14,5374
27.09.2019,62,3272
28.09.2019,22,4328
29.09.2019,75,5206
30.09.2019,18,4012
01.10.2019,67,4534
02.10.2019,1,3535
03.10.2019,84,3947
04.10.2019,16,5049
05.10.2019,38,3886
06.10.2019,41,3919
07.10.2019,50,3847
08.10.2019,83,5190
09.10.2019,29,5332
10.10.2019,9,4065
11.10.2019,74,5859
12.10.2019,29,5361
13.10.2019,26,5237
14.10.2019,80,4935
15.10.2019,48,5007
16.10.2019,84,4593
17.10.2019,91,3523
18.10.2019,38,4378
19.10.2019,8,4262
20.10.2019,17,5226
21.10.2019,31,3001
22.10.2019,26,5628
23.10.2019,32,5892
24.10.2019,8,4129
25.10.2019,47,5184
26.10.2019,13,4079
27.10.2019,73,5941
28.10.2019,48,5467
29.10.2019,75,4796
30.10.2019,58,3003
31.10.2019,80,5054
01.11.2019,71,4586
02.11.2019,53,4820
03.11.2019,62,3059
04.11.2019,20,3345
05.11.2019,22,4056
06.11.2019,6,5809
07.11.2019,80,4141
08.11.2019,90,5169
09.11.2019,78,4016
10.11.2019,76,4255
11.11.2019,74,4893
12.11.2019,93,3204
13.11.2019,79,3424
14.11.2019,57,5442
15.11.2019,6,4455
16.11.2019,81,4495
17.11.2019,95,4325
18.11.2019,64,3563
19.11.2019,68,4035
20.11.2019,56,3110
21.11.2019,98,4747
22.11.2019,46,3740
23.11.2019,66,4625
24.11.2019,73,3340
25.11.2019,68,4684
26.11.2019,2,5062
27.11.2019,52,5916
28.11.2019,20,5434
29.11.2019,99,3368
30.11.2019,36,5597
01.12.2019,40,4697
02.12.2019,5,3863
03.12.2019,34,4509
04.12.2019,60,3466
05.12.2019,30,5387
06.12.2019,3,4380
07.12.2019,99,5007
08.12.2019,2,5996
09.12.2019,31,5884
10.12.2019,58,3314
11.12.2019,27,3566
12.12.2019,27,4387
13.12.2019,9,4231
14.12.2019,49,3698
15.12.2019,71,4317
16.12.2019,24,3933
17.12.2019,59,5964
18.12.2019,60,5148
19.12.2019,39,3858
20.12.2019,34,5286
21.12.2019,40,4299
22.12.2019,94,3888
23.12.2019,10,5557
24.12.2019,40,3293
25.12.2019,2,3461
26.12.2019,80,3269
27.12.2019,74,5542
28.12.2019,72,3769
29.12.2019,85,3830
30.12.2019,50,3098
31.12.2019,67,5167
01.01.2020,56,5081
02.01.2020,34,5873
03.01.2020,83,5504
04.01.2020,47,4113
05.01.2020,55,5687
06.01.2020,6,3508
07.01.2020,83,3666
08.01.2020,53,3134
09.01.2020,81,4059
10.01.2020,88,5541
11.01.2020,10,5241
12.01.2020,48,3244
13.01.2020,12,3018
14.01.2020,9,5011
15.01.2020,56,4006
16.01.2020,4,3590
17.01.2020,10,5837
18.01.2020,74,4741
19.01.2020,5,5346
20.01.2020,46,5855
21.01.2020,97,3470
22.01.2020,80,5445
23.01.2020,21,4967
24.01.2020,30,4558
25.01.2020,60,3121
26.01.2020,8,5414
27.01.2020,44,3865
28.01.2020,42,3150
29.01.2020,32,5262
30.01.2020,80,5922
31.01.2020,71,3673
01.02.2020,59,4588
02.02.2020,55,5986
03.02.2020,97,5060
04.02.2020,75,5011
05.02.2020,58,3345
06.02.2020,44,3014
07.02.2020,5,5902
08.02.2020,97,3283
09.02.2020,41,5106
10.02.2020,35,5038
11.02.2020,66,5037
12.02.2020,91,3459
13.02.2020,56,4770
14.02.2020,42,4007
15.02.2020,30,5311
16.02.2020,47,5254
17.02.2020,50,5470
18.02.2020,88,5574
19.02.2020,56,4615
20.02.2020,4,5325
21.02.2020,58,5092
22.02.2020,65,4033
23.02.2020,6,5909
24.02.2020,48,3195
25.02.2020,74,4123
26.02.2020,39,5686
27.02.2020,8,5339
28.02.2020,6,5704
29.02.2020,14,5405
01.03.2020,33,3405
02.03.2020,70,4843
03.03.2020,28,3476
04.03.2020,70,5484
05.03.2020,12,4175
06.03.2020,55,4595
07.03.2020,70,3355
08.03.2020,73,4283
09.03.2020,91,5540
10.03.2020,53,3461
11.03.2020,22,4560
12.03.2020,65,5959
13.03.2020,56,5558
14.03.2020,45,4896
15.03.2020,64,5942
16.03.2020,85,3716
17.03.2020,31,4143
18.03.2020,5,3400
19.03.2020,17,5702
20.03.2020,33,3725
21.03.2020,48,5125
22.03.2020,27,3431
23.03.2020,70,3915
24.03.2020,25,5254
25.03.2020,15,3256
26.03.2020,43,4389
27.03.2020,73,3923
28.03.2020,67,4872
29.03.2020,44,3135
30.03.2020,36,3377
31.03.2020,100,4501
01.04.2020,48,3419
02.04.2020,24,5419
03.04.2020,94,3271
04.04.2020,63,3988
05.04.2020,46,4354
06.04.2020,45,3953
07.04.2020,24,3009
08.04.2020,59,5665
09.04.2020,95,3244
10.04.2020,30,3297
11.04.2020,19,5629
12.04.2020,13,4607
13.04.2020,18,4686
14.04.2020,74,3791
15.04.2020,58,5526
16.04.2020,21,5935
17.04.2020,21,3596
18.04.2020,32,4540
19.04.2020,53,3371
20.04.2020,32,5794
21.04.2020,94,5375
22.04.2020,35,5133
23.04.2020,32,4553
24.04.2020,13,3396
25.04.2020,75,3505
26.04.2020,34,5400
27.04.2020,3,4949
28.04.2020,90,4079
29.04.2020,26,5703
30.04.2020,80,3271
01.05.2020,42,4003
02.05.2020,57,3454
03.05.2020,11,3179
04.05.2020,7,5835
05.05.2020,45,5378
06.05.2020,77,5887
07.05.2020,76,3499
08.05.2020,5,3369
09.05.2020,97,5264
10.05.2020,25,5022
11.05.2020,62,4963
12.05.2020,1,3756
13.05.2020,11,3300
14.05.2020,92,3109
15.05.2020,45,5962
16.05.2020,40,4000
17.05.2020,68,3676
18.05.2020,54,3951
19.05.2020,51,3651
20.05.2020,71,5475
21.05.2020,66,4959
22.05.2020,57,5067
23.05.2020,77,5924
24.05.2020,62,4171
25.05.2020,34,5261
26.05.2020,95,4594
27.05.2020,88,5982
28.05.2020,14,3916
29.05.2020,55,4239
30.05.2020,100,5244
31.05.2020,24,3486
01.06.2020,100,3203
02.06.2020,39,3953
03.06.2020,61,4385
04.06.2020,61,3862
05.06.2020,27,3434
06.06.2020,38,5852
07.06.2020,62,4787
08.06.2020,1,4781
09.06.2020,6,3926
10.06.2020,5,3080
11.06.2020,90,3312
12.06.2020,4,3443
13.06.2020,65,4796
14.06.2020,74,5568
15.06.2020,81,4826
16.06.2020,75,4534
17.06.2020,70,5449
18.06.2020,24,5605
19.06.2020,68,5342
20.06.2020,67,3996
21.06.2020,12,4726
22.06.2020,26,4478
23.06.2020,52,3524
24.06.2020,55,5691
25.06.2020,100,4464
26.06.2020,5,4248
27.06.2020,55,5014
28.06.2020,86,5432
29.06.2020,29,3755
30.06.2020,52,4983
01.07.2020,87,4155
02.07.2020,63,3436
03.07.2020,71,4704
04.07.2020,48,5204
05.07.2020,14,5173
06.07.2020,100,4014
07.07.2020,63,4754
08.07.2020,38,3199
09.07.2020,58,3895
10.07.2020,27,4480
11.07.2020,87,5944
12.07.2020,30,3281
13.07.2020,20,3335
14.07.2020,65,4852
15.07.2020,14,5722
16.07.2020,60,3791
17.07.2020,5,5871
18.07.2020,74,5862
19.07.2020,22,4114
20.07.2020,58,3188
21.07.2020,89,3757
22.07.2020,48,3062
23.07.2020,38,3883
24.07.2020,73,5671
25.07.2020,24,3645
26.07.2020,10,4073
27.07.2020,50,4944
28.07.2020,15,4523
29.07.2020,81,3767
30.07.2020,13,3940
31.07.2020,58,4225
01.08.2020,61,3641
02.08.2020,24,3092
03.08.2020,49,4295
04.08.2020,64,3366
05.08.2020,91,4856
06.08.2020,90,3162
07.08.2020,77,3830
08.08.2020,2,4945
09.08.2020,46,4044
10.08.2020,94,5789
11.08.2020,4,3484
12.08.2020,56,4714
13.08.2020,80,5743
14.08.2020,74,5899
15.08.2020,64,5761
16.08.2020,67,3854
17.08.2020,8,4047
18.08.2020,62,5128
19.08.2020,90,5910
20.08.2020,64,5896
21.08.2020,57,5645
22.08.2020,84,3006
23.08.2020,77,5452
24.08.2020,62,5798
25.08.2020,21,4185
26.08.2020,55,3675
27.08.2020,54,5030
28.08.2020,12,4973
29.08.2020,37,3963
30.08.2020,49,5388
31.08.2020,99,3701
01.09.2020,94,5680
02.09.2020,72,5712
03.09.2020,94,4535
04.09.2020,9,4967
05.09.2020,66,4151
06.09.2020,11,3528
07.09.2020,62,4200
08.09.2020,32,5020
09.09.2020,69,4462
10.09.2020,60,3805
11.09.2020,4,3366
12.09.2020,13,3561
13.09.2020,38,3853
14.09.2020,98,4255
15.09.2020,34,5855
16.09.2020,29,4678
17.09.2020,9,4029
18.09.2020,40,4734
19.09.2020,18,3711
20.09.2020,62,3546
21.09.2020,41,4102
22.09.2020,62,3493
23.09.2020,22,3613
24.09.2020,85,3021
25.09.2020,62,5733
26.09.2020,57,5321
27.09.2020,61,3774
28.09.2020,69,3723
29.09.2020,61,4618
30.09.2020,98,3354
01.10.2020,96,5170
02.10.2020,81,3979
03.10.2020,96,3765
04.10.2020,88,5273
05.10.2020,85,3023
06.10.2020,28,3460
07.10.2020,44,5715
08.10.2020,16,4883
09.10.2020,84,4027
10.10.2020,78,4639
11.10.2020,50,4802
12.10.2020,73,3069
13.10.2020,50,4611
14.10.2020,28,4495
15.10.2020,27,4438
16.10.2020,49,5444
17.10.2020,61,4330
18.10.2020,75,4141
19.10.2020,15,5193
20.10.2020,15,4388
21.10.2020,2,4666
22.10.2020,6,5501
23.10.2020,26,5533
24.10.2020,47,5488
25.10.2020,65,4730
26.10.2020,37,5415
27.10.2020,82,3369
28.10.2020,6,5137
29.10.2020,68,5473
30.10.2020,9,5189
31.10.2020,7,5704
01.11.2020,57,4679
02.11.2020,34,4846
03.11.2020,53,4831
04.11.2020,3,3847
05.11.2020,48,3549
06.11.2020,7,4479
07.11.2020,42,4486
08.11.2020,72,3046
09.11.2020,59,4822
10.11.2020,65,5323
11.11.2020,94,3213
12.11.2020,87,4980
13.11.2020,62,4325
14.11.2020,96,5585
15.11.2020,76,4886
16.11.2020,43,4946
17.11.2020,34,4487
18.11.2020,46,3631
19.11.2020,78,4559
20.11.2020,82,4723
21.11.2020,6,3962
22.11.2020,13,4515
23.11.2020,31,3457
24.11.2020,59,3016
25.11.2020,41,4654
26.11.2020,82,4758
27.11.2020,5,4501
28.11.2020,54,5941
29.11.2020,31,5066
30.11.2020,11,4464
01.12.2020,66,4958
02.12.2020,45,5390
03.12.2020,50,5324
04.12.2020,87,4448
05.12.2020,49,5836
06.12.2020,84,3705
07.12.2020,56,4177
08.12.2020,91,3047
09.12.2020,77,3488
10.12.2020,13,5315
11.12.2020,14,4128
12.12.2020,47,4134
13.12.2020,15,3317
14.12.2020,19,4861
15.12.2020,97,3516
16.12.2020,69,5522
17.12.2020,74,4572
18.12.2020,27,5623
19.12.2020,41,5299
20.12.2020,13,4368
21.12.2020,82,3814
22.12.2020,56,5130
23.12.2020,47,4866
24.12.2020,34,4442
25.12.2020,73,3722
26.12.2020,78,3570
27.12.2020,54,5933
28.12.2020,36,4640
29.12.2020,57,5995
30.12.2020,32,3722
31.12.2020,9,5311
01.01.2021,48,4646
02.01.2021,76,5142
03.01.2021,90,5139
04.01.2021,58,3685
05.01.2021,79,4679
06.01.2021,63,3553
07.01.2021,87,4311
08.01.2021,64,5883
09.01.2021,91,3072
10.01.2021,27,5079
11.01.2021,94,5474
12.01.2021,57,5607
13.01.2021,96,5832
14.01.2021,7,3615
15.01.2021,66,5719
16.01.2021,83,5362
17.01.2021,64,5083
18.01.2021,39,5780
19.01.2021,55,5972
20.01.2021,34,4245
21.01.2021,32,4310
22.01.2021,7,3894
23.01.2021,23,3134
24.01.2021,83,3071
